Id,Nom,prenom,login,password,role
1,Dupont,Dupont,Dupont,Dupont,hote
2,Martin,Martin,Martin,Martin,hote
3,Tremblay,Tremblay,Tremblay,Tremblay,hote
4,Gagnon,Gagnon,Gagnon,Gagnon,hote
5,Guimety,Sebastien,seb,seb,hote
6,Wadii,Wadii,Wadii,Wadii,hote
7,Lucas,Lucas,Lucas,Lucas,hote
8,Elliott,Elliott,Elliott,Elliott,hote
9,Didah,Wadii,wadii05,123aaa,user
10,Jones,Emma,emaa54,aze123,user
11,Williams,Liam,william,wi,user
12,Brown,Sophia,brown,brown,user









